{"cameraMode":{"drawMode":0,"name":"Shaded","section":"Shading Mode"},"sceneLighting":false,"audioPlay":false,"sceneViewState":{"showFog":true,"showMaterialUpdate":false,"showSkybox":false,"showFlares":true,"showImageEffects":true,"showParticleSystems":true},"in2DMode":false,"pivot":{"x":-5.746201038360596,"y":5.555767059326172,"z":5.874690055847168},"rotation":{"x":0.2992340326309204,"y":-0.007156250067055225,"z":0.002244175411760807,"w":0.9541515111923218},"size":10.092144012451172,"orthographic":false}