{"cameraMode":{"drawMode":0,"name":"Shaded","section":"Shading Mode"},"sceneLighting":false,"audioPlay":false,"sceneViewState":{"showFog":true,"showMaterialUpdate":false,"showSkybox":false,"showFlares":true,"showImageEffects":true,"showParticleSystems":true},"in2DMode":false,"pivot":{"x":-0.9409170150756836,"y":4.387434005737305,"z":-0.36954450607299807},"rotation":{"x":-0.06274830549955368,"y":0.7940318584442139,"z":-0.08319970220327378,"w":-0.5988847017288208},"size":8.555283546447754,"orthographic":false}