{"cameraMode":{"drawMode":0,"name":"Shaded","section":"Shading Mode"},"sceneLighting":true,"audioPlay":false,"sceneViewState":{"showFog":true,"showMaterialUpdate":false,"showSkybox":true,"showFlares":true,"showImageEffects":true,"showParticleSystems":true},"in2DMode":false,"pivot":{"x":21.731016159057618,"y":9.835912704467774,"z":10.335658073425293},"rotation":{"x":0.3542484939098358,"y":-0.03645734861493111,"z":0.013822637498378754,"w":0.9343397617340088},"size":10.903292655944825,"orthographic":false}