{"cameraMode":{"drawMode":0,"name":"Shaded","section":"Shading Mode"},"sceneLighting":false,"audioPlay":false,"sceneViewState":{"showFog":true,"showMaterialUpdate":false,"showSkybox":false,"showFlares":true,"showImageEffects":true,"showParticleSystems":true},"in2DMode":false,"pivot":{"x":0.15598347783088685,"y":1.9006984233856202,"z":1.0170056819915772},"rotation":{"x":0.23915919661521913,"y":-0.0014564687153324485,"z":0.00035874516470357776,"w":0.9709794521331787},"size":2.236060380935669,"orthographic":false}