{"cameraMode":{"drawMode":0,"name":"Shaded","section":"Shading Mode"},"sceneLighting":false,"audioPlay":false,"sceneViewState":{"showFog":true,"showMaterialUpdate":false,"showSkybox":false,"showFlares":true,"showImageEffects":true,"showParticleSystems":true},"in2DMode":false,"pivot":{"x":-0.7134153842926025,"y":1.6439144611358643,"z":2.491787910461426},"rotation":{"x":0.1720420867204666,"y":-0.20953331887722016,"z":0.037479616701602939,"w":0.9618172645568848},"size":4.450130462646484,"orthographic":false}