{"cameraMode":{"drawMode":0,"name":"Shaded","section":"Shading Mode"},"sceneLighting":false,"audioPlay":false,"sceneViewState":{"showFog":true,"showMaterialUpdate":false,"showSkybox":false,"showFlares":true,"showImageEffects":true,"showParticleSystems":true},"in2DMode":false,"pivot":{"x":0.12214183807373047,"y":-0.20885640382766725,"z":-0.24890542030334474},"rotation":{"x":0.3787398934364319,"y":-0.016658416017889978,"z":0.00681701023131609,"w":0.9253307580947876},"size":6.355008602142334,"orthographic":false}